Invoice Number,Processed Invoice Number
Invoice Number,INV-
Invoice Number,INV-
invoice 11219,INV-11219
INVOICE 11185,INV-11185
INV 1467,INV-001467
"INV 1297, INV 1380, INV 1426",INV-129713801426
INV 11165,INV-11165
INV 1397,INV-001397
INV 1446,INV-001446
invoice 11152,INV-11152
INV 11102,INV-11102
INV 1470,INV-001470
INVOICE 11100,INV-11100
INVOICE 10907,INV-10907
invoice 10886,INV-10886
INVOICE 11106,INV-11106
INVOICE 11183,INV-11183
invoice 11211,INV-11211
INV 1461,INV-001461
INV 1460,INV-001460
INV 1459,INV-001459
INV 1462,INV-001462
INV 1458,INV-001458
INV 1457,INV-001457
INV 1456,INV-001456
INV 1454,INV-001454
INV 1438,INV-001438
INV 1430,INV-001430
INV 1418,INV-001418
INV 1307,INV-001307
INVOICE 11076,INV-11076
INVOICE 11173,INV-11173
INVOICE 11186,INV-11186
INV 1363,INV-001363
INV 11179,INV-11179
INV 1464,INV-001464
INV 1463,INV-001463
INV 11182,INV-11182
INV 11110,INV-11110
INV 10908,INV-10908
INV 11080,INV-11080
INV 11079,INV-11079
INV 11068,INV-11068
invoice 11072,INV-11072
INV 1364,INV-001364
INV 11060,INV-11060
INV 10931,INV-10931
INV 10902,INV-10902
INV 10851,INV-10851
INV 1444,INV-001444
INVOICE 11127,INV-11127
INVOICE 11198,INV-11198
INV 1283,INV-001283
INV 1440,INV-001440
INVOICE 11169,INV-11169
invoice 11188,INV-11188
invoice 10915,INV-10915
INV 1362,INV-001362
INV 1305,INV-001305
INV 1442,INV-001442
INV 1381,INV-001381
INV 1445,INV-001445
INV 1376,INV-001376
INV 1451,INV-001451
INV 1362,INV-001362
INV 1317,INV-001317
INV 1423,INV-001423
INV 1372,INV-001372
INV 1321,INV-001321
INV 1412,INV-001412
INV 1434,INV-001434
INV 1445,INV-001445
INV 1420,INV-001420
INV 1441,INV-001441
INV 1416,INV-001416
INV 1415,INV-001415
INV 1376,INV-001376
INV 1437,INV-001437
INV 1411,INV-001411
INV 1421,INV-001421
INV 1357,INV-001357
INV 1319,INV-001319
INV 1327,INV-001327
INV 1450,INV-001450
INV 1417,INV-001417
INV 1404,INV-001404
INV 1408,INV-001408
INV 1333,INV-001333
INV 1422,INV-001422
INV 1308,INV-001308
INV 1419,INV-001419
INV 1371,INV-001371
INV 1338,INV-001338
INV 1414,INV-001414
inv 11170,INV-11170
INVOICE 11193,INV-11193
INVOICE 10921,INV-10921
INV 11171,INV-11171
INV 11172,INV-11172
INV 1310,INV-001310
INV 11168,INV-11168
INV 11181,INV-11181
INV 11175,INV-11175
INV 11176,INV-11176
INV 11177,INV-11177
INV 11174,INV-11174
INV 11178,INV-11178
INV 11190,INV-11190
INV 11180,INV-11180
INV 11191,INV-11191
INVOICE 11146,INV-11146
invoice 11144,INV-11144
INV 1373,INV-001373
INV 1378,INV-001378
INV 1313,INV-001313
INV 1435,INV-001435
INV 1266,INV-001266
INV 1428,INV-001428
INV 11036,INV-11036
INV 11088,INV-11088
INV 11121,INV-11121
INV 11014,INV-11014
INV 10951,INV-10951
INV 1351,INV-001351
INVOICE 11093,INV-11093
INV 1114,INV-001114
INVOICE,INV-
INV 1114,INV-001114
INV 1276,INV-001276
INV 1402,INV-001402
INV 1348,INV-001348
INV 1335,INV-001335
INV 1332,INV-001332
INV 1334,INV-001334
INVOICE 10967,INV-10967
INV 1385,INV-001385
INV 1350,INV-001350
INV 1374,INV-001374
INV 1384,INV-001384
INV 1389,INV-001389
INV 1386,INV-001386
INV 1387,INV-001387
INV 1390,INV-001390
INVOICE 11116,INV-11116
INV 1326,INV-001326
INV 1337,INV-001337
INV 1377,INV-001377
INV 1399,INV-001399
invoice 11131,INV-11131
INV 1315,INV-001315
INV 1309,INV-001309
INV 1312,INV-001312
INV 1314,INV-001314
INV 1306,INV-001306
INV 1325,INV-001325
INV 1323,INV-001323
INV 1328,INV-001328
INV 1409,INV-001409
INV 1235,INV-001235
INV 1257,INV-001257
INVOICE 11154,INV-11154
invoice 10999,INV-10999
INV 1406,INV-001406
INV 11112,INV-11112
INVOICE 10863,INV-10863
INVOICE 10964,INV-10964
INVOICE 10969,INV-10969
INVOICE 11151,INV-11151
INV 10856,INV-10856
INVOICE 11002,INV-11002
INVOICE 11118,INV-11118
INV 1227,INV-001227
INVOICE 11004,INV-11004
INVOICE 10939,INV-10939
INVOICE 11005,INV-11005
invoice 11130,INV-11130
INVOICE 11109,INV-11109
INVOICE 11038,INV-11038
INVOICE 11143,INV-11143
